Eggdrop Developers and Contributors
Last revised: December 21, 2018

------------------------------------------------------------------------------

This file contains a list people who have contributed to Eggdrop. These
contributors sent bug reports, improved the code or documentation, or
otherwise offered support to the Eggdrop project. Individual contributions
are listed in the doc/Changes files included with Eggdrop.

If you feel your name is missing from this list, if you'd rather not be
listed, or if your information is incorrect, please send an email to
bugs@eggheads.org.

Developers and major contributors:

arthur2        Jerome Carre                    arthur2@demoniak.hay-france.com
BarkerJr       Bryon Eldridge                  barkerjr@barkerjr.net
Beldin         Darrin Smith                    beldin@beldin.org
bryand         Bryan Drewery                   bryan@shatow.net
ButchBub       Scott G. Taylor                 staylor@mrynet.com
Cizzle         Christophe Beauval              Cizzle@users.noreply.github.com
cmwagner       Chad Wagner                     cmwagner@sodre.net
Cybah          Jonathan Miles                  jon@zetnet.net
Daklop
darko``        Darko Ilic                      darko@onvol.net
dk             Steven Packard (Dynamite Kid)   spackard@moran.mines.edu
drummer        Dobos Lorant                    drummer@buli.sk
dw             Per Johansson                   dw@lixom.nu
EraseMe                                        pyro@imag.net
Ernst          Ernesto Baschny                 ernst@baschny.de
Eule           Axel Franke                     eule@berlin.snafu.de
Fabian         Fabian Knittel                  fabian.knittel@avona.com
Fred1          Chris Fuller
G`Quann        Florian Sander                  gquann@gmx.de
Geo            Geo Van O                       geo@eggheads.org
guppy          Jeff Fisher                     guppy@techmonkeys.org
ITE            Federico Mennite                ite@freex.ch
Jason          Jason Ede                       j.d.ede@sheffield.ac.uk
John`          John                            Johnny@technik.sth.ac.at
KingKurly      Gregory Kubaryk                 kurly@mindless.com
Kirben         Travis Howell                   kirben@optushome.com.au
Kirk           Ian Kaney                       ikaney@crisiant.com
mortmann       Michael Ortmann                 ortmann@posteo.de
LuckyStar                                      lucky@binet.lv
NC
poptix         Matthew Hallacy                 poptix@poptix.net
pseudo         Rumen Stoyanov                  pseudo@egg6.net
Q                                              Q@ping.be
Robey          Robey Pointer                   robey@lag.net
rfc                                            rfc@undernet.org
rtc            Peter 'Rattacresh' Backes       rtc@helen.plasma.xg8.de
simple         Jonathan Rudolph                skralg@gmail.com
stdarg                                         stdarg@yahoo.com
Sup            Teemu Hjelt                     sup@techmonkeys.org
SuperS         Kevin Lamothe                   supers@starblaze.2y.net
Sven           Sven Trenkel                    list@semidefinite.de
TaKeDa         Dariusz Kulinski                takeda3@netzero.net
TheGhost       James Simmons                   tg@linuxpackages.net
thommey        Thomas Sader                    thommey@gmail.com
toot           Toby Verrall                    toot@holborn.melnet.co.uk
Tothwolf                                       tothwolf@techmonkeys.org
Wcc            Will Buckner                    wcc@techmonkeys.org
Wiktor         Wiktor Wodecki                  wodecki@gmx.de
Wild           Mike Hartman                    wild@klondike.com

Contributors:


                                               os2warp@invlogic.com
                                               Turner@Undernet
                                               pepsi@gear.torque.net
                                               vince@who.net
                                               zathras3@hotmail.com
               a person                        
               Aaron Zollman                   
aaronwl                                        
aba                                            
abfab                                          
Abraham                                        
Absinthe                                       
               Adam Spiers                     
Adze                                           
afterlife                                      
Al3X           Alex                            alex@bmotel.com
alex323                                        
               Amir Shalem                     amir@boom.org.il
AmnesiAc                                       
Amun                                           
Andrej         Andrej Presern                  andrejp@luz.fe.uni-lj.si
Andy                                           
andy5995       Andy Alt                        andyqwerty@users.sourceforge.net
Anon-e-mouse                                   anon-e-mouse@anon-e-mouse.co.uk
anonymous                                      
answer                                         
archimede                                      
archon                                         
argg           Paul Anderson                   xerox@foonet.net
Arkadietz      Kiril Georgiev                  arkadietz@yahoo.com
Armand                                         udf-xerxes@barrysworld.com
               arthur2                         arthur2
axel_v                                         
aXs                                            
ayman                                          
azurIt                                         
               B. Jamison                      
Bass                                           
Beige                                          
               Ben Barton                      
               Ben Dover                       eggdrop_soup@hotmail.com
Benny                                          
               Bert Bohla                      
bhab           Kelsey Hudson                   khudson@compendium.us
bill                                           
               Bill Brandt                     
bill-tcl                                       
billyjoe                                       
bingony                                        
blackjac                                       
Blacky                                         
blaster^                                       blasterb@wanadoo.fr
Ble            Bruce                           brucee_ca@yahoo.com
bleah                                          
Bob                                            
BoGuS                                          
Boing                                          
               Boris Capitanu                  
boro                                           
Bosko                                          
               Bow Sineath                     
               Brad Edwards                    
brenny                                         
Brian                                          
               Brian T.                        
               Bruce Gingery                   
               Bruce S.                        
               Bryan Dolan                     
bUrN           Tobias Schwind                  
Butthead                                       
By-Tor                                         bytor@netside.com
               C. Massam                       
C4thY                                          
capster                                        
Carlin0        Carlo Ponti
CFusion                                        
               Chad Fawcett                    
CHaiNeSS                                       
chaos                                          
Charvel                                        
Chotaire                                       chotaire@chotaire.moc.kw
Chriphil                                       
               Chris Northwood                 
               Chucky Burnett                  
Cizzle         Christophe Beauval              Cizzle@users.noreply.github.com
ClearlyJa                                      
ClubCX                                         
clusters                                       
CoderX2                                        
               cold fusion                     
coolio                                         
coop                                           
Cosmo                                          
creatio                                        
Creative1      Joaquin Grech                   creative1@bigfoot.com
Crotale                                        
cuentero                                       
               Curt Lewis                      
cyberscape                                     
CyberTech                                      
C_Olli                                         
d-e-m                                          
Daemus                                         
Dagmar                                         
daimonic       Gary Wall                       gary@daimonic.org
dalbien                                        
dan                                            
               Dan Anatol                      
               Dania Stolfi                    
Daniel                                         
danny                                          
dannyboy                                       
DarkDruid                                      
darkfall                                       
Darkfox                                        
Darki                                          
darknight                                      
DarkReap1                                      
darkshde                                       
Darude                                         
DasBrain       Johannes Kuhn
data                                           
davd           David Newhall II                david@sleepers.net
               Dave Guzeman                    
David                                          
               David Brauman                   
               David Brown                     
               David Sesno                     
David-                                         
               De Kus                          
deadgrrrl                                      
deaf                                           
DeathHand                                      
debaser                                        
               Dejan Oklobdzija                
               Del Carter                      
demon                                          
denali                                         
DennisMV                                       
derrick                                        
DFrank                                         
Dicctr0s                                       
Digdilem       Simon Avery                     flash@digdilem.org
digital                                        
dirtymac                                       
DocSavag       Jerry Sutton                    jerrystn@ccse.net
dollar                                         
Domino                                         
               Donovan Long                    
Dopsy                                          dopsy@orastie.org
dorgan                                         
dork                                           
dracwolf                                       
DrDeath                                        
drnet          Justin W. Pauler                justin@jwpauler.org
dtM                                            
Dude           Matthew Stiefel                 matt@snip.net
dunk                                           
dvlsadvct                                      
DVS01          Denis                           dvs01@dvs01.net
easton                                         
Ec|ipse                                        
Eden                                           
edmiester                                      
eelcohuininga  Eelco Huininga                  
Ehrenberg                                      
ejm                                            
               Emmanuel Marty                  
Erick-         Erick Velez                     erick@erick.org
Evo|ver                                        
exile                                          
Exterminador   Vitor                           droider.bnc@gmail.com
eye                                            
               Fabian Knittel                  fabian.knittel@avona.com
Fabulous                                       fabulous@brasnet.org
fasticus                                       
FeaRx                                          
Felix                                          
Felix3339                                      
               fhorst                          
FirebaII                                       fireball@lanparty.ch
FireEgl        Philip Moore                    fireegl@gmail.com
Flame          Lee Hardy                       flame@melnet.co.uk
flammable      Dan Pike                        flammable@start.com.au
flash                                          
Flattie                                        
               flyin lion                      
foxmulder                                      
Fraggle        Jérôme Benoit                   jerome.benoit@grenouille.com
Freeder                                        freeder@techmonkeys.org
fuchs          Bjoern Krombholz                bjkro@gmx.de
FumBa                                          
FuzzBuster     Scott R. Godin                  mactech@webdragon.net
fx2                                            
garbanzo       Alex Zepeda                     garbanzo@hooked.net
gavroche       Jamie Rishaw                    jamie@arpa.com
genady                                         
Geo            Geo Van O                       geo@eggheads.org
               Georg Schwarz                   
Giga                                           
               Gilles d'Andrea                 
Gisselle                                       
               Giuseppe Caulo                  
goo                                            
GoodGuy                                        
Gord-          Gordon Lloyd Goldberg           ggold@panix.com
grawity        Mantas Mikulenas                grawity@nullroute.eu.org
GregMo         Greg Mosier                     me@gregmo.us
grnbrg         Brian Greenberg                 grnbrg@grnbrg.org
GSCEGO                                         
GTo            Grigoris Ntotsis                gto@the.forthnet.gr
Gumbie                                         gumbie@sunspot.tiac.net
guruz                                          
guy                                            
gwyn                                           
Habeeb                                         
hal                                            
Hanno                                          
Harekiet       Sjoerd van der Berg             
Hath                                           hath@cyberops.org
hdclown                                        
herz                                           
hobb                                           
hoopycat                                       
               Hue Truong                      
Hunger                                         
iceman                                         
Igmar                                          
illi                                           
imoq                                           
IpAddress                                      
islandic                                       
izy`                                           
               J. Lehto                        
jack3                                          the_kink_@hotmail.com
jackal^                                        
James                                          
               James Colton                    
               Jason Ede                       j.d.ede@sheffield.ac.uk
jay                                            
               Jay Maynard                     
               Jay S. Monk                     
jedis                                          
               Jeff Fisher                     guppy@techmonkeys.org
jeffx                                          
Jerome                                         
jerrold                                        
               Jesse M.                        
               Jesse Schachter                 
               Jim Marco                       
jkw                                            
jman                                           
               Joe Morris                      
               John Fulton                     
Johnny                                         
               Johnny Mnemonic                 johnny@themnemonic.org
               johoho                          johoho
Joker                                          
jonte                                          
Jordan                                         
Jordy                                          
Julie                                          
junkie                                         
Juvenal                                        
Jz                                             
Karsten                                        
               Keith Tyler                     
Kelvin                                         
               Kendrick Vegas                  
keyoke                                         
kibbles                                        
KingBob                                        
Kinslayer      Gaven Cohen                     dragon@wastelands.net
kisser                                         
Koach                                          
Komandar                                       
               Kool Cat                        kool_cat@softhome.net
Krome                                          
Kuja                                           
KuNgFo0                                        kungfo0@techmonkeys.org
L0RE                                           
labtec                                         
lag-linaro                                     
Lam                                            
Larry                                          
lasher-                                        
               Laurens v. Alphen               
ledpighp                                       
lee                                            
Lefty          Jeff Hartman                    lefty@sojourn.com
LethalWP                                       
LinaSovereign                                  
Lobo^Loco                                      
Lord255        G                               skdlord.warrior@gmail.com
Looser^                                        
LSC                                            
LtGen                                          
               Luca De Roberto                 
Lucas          Lucas Nussbaum                  lucas@lucas-nussbaum.net
               Luke Detering                   
               M. Koszik                       
madhack                                        
maimizuno                                      
MalaGaM                                        malagam.artispretis@gmail.com
               Manual Hernandez                
manuel                                         manuel.leiner@gmx.de
masskilla                                      
Mastr                                          
               Matthew Hallacy                 poptix@poptix.net
MBroLad                                        
mc             Rico Gloeckner                  mc@verdinet.de
MC_8           Carl M. Gregory                 mc8@purehype.net
Melvan                                         
metatron                                       
mho                                            mtl@videotron.ca
MHT            ManHatTan                       mht@mygale.org
Michael                                        
               Michael D. Smith                mike.ds@tiscali.co.uk
Michele                                        
               Miguel Ventura                  
Mikael                                         
               Mikael Hammarin                 
               Mikael Hedberg                  
               Mike Hammarin                   
               Mike McLagan                    
               Mikko Vester                    
miltrypet                                      
mish           Lev                             mish@mydestiny.net
Mixter                                         mixter@mixter.org
mjg                                            
Mloe                                           
Mo-Ize         Guillaume Leclanche             mo-ize@nul-en.info
               modus operandi                  
               Mohammad Ali Rezaei             
monkers
moonwolf                                       
MORA                                           
mortmann       Michael Ortmann                 
               Mr. Wizard                      
mrbond                                         
mrBuG                                          mrbug@eggdrop.org.ru
Mr_Jode                                        
MsingLnk                                       
MULTITUDE                                      
Murf                                           
mw                                             
nakee          Ely Levy                        elylevy@cs.huji.ac.il
NaTaS                                          
               Nate Gardner                    
               Neale Pickett                   
NeO-MeTaL                                      
NeoN                                           
nervous                                        
NESS                                           
NetG0D                                         
NetIrc                                         
neuro                                          
never          Sebastian Schwardt              never@nolife.org
               Nicholas J. Dear                
Nick_                                          nick@null.net
               Nico Golde                      nion@debian.org
Nidhogg                                        
Niggurath      Shub Niggurath                  rm@fh-worms.de
NigtHuntr                                      
               Nils Østbjerg                   shorty@business.auc.dk
nitemoon                                       
NML_375        Fredrik Löhr                    
Nobody                                         
node                                           
nomis          Simon Arlott                    70171+nomis@users.noreply.github
NoPleX                                         
Noyga                                          
odidev                                         
offspring                                      
okey                                           
OldGhost                                       
OldGroo                                        
Oliver                                         
Olrick                                         
OpTiC-?X                                       
Paladin        Alan Cameron                    paladin@techmonkeys.org
Paladinz                                       
panasync                                       
paralyse                                       
paran0id                                       
paranorml                                      
paravoid                                       
partek                                         
pattyt                                         
               Paul E.                         
PaulBoehm                                      
peace                                          peace@shell.webmaster.com
PeGaSuS                                        droider.pc@gmail.com
Phoenix                                        
piglet                                         
pinchaser                                      
Pixelz         Rickard Utgren                  rutgren@gmail.com
pjb                                            pjb@decafgeek.org
plan9                                          
Plex                                           
plof                                           
poseidon                                       
PPSlim         Phil Richardson                 ppslim@acarr.plus.com
Preston                                        
Prez                                           
Prime                                          
project10                                      
proton                                         
prox                                           
pseudo         Rumen Stoyanov                  pseudo@egg6.net
pteron         Andy Repton                     eggdrop@pteron.org
QuakeMstr                                      
quest                                          quest@mac.com
               R. Brooklyn                     
               R. Ramos                        
RaakQ          Kimmo Varis                     kimmov@gmail.com
ragtop                                         
Raistlin       Jason Slagle (Raistlin Majere)  raistlin@tacorp.net
RandomAPB                                      
               Randy Summerfiled               
ranjha                                         
rastam0n                                       
rawdon                                         
rco133                                         
ReBEL                                          
RebuM          Martin Matuska                  rebum@gmx.at
redbird                                        
ReDDawG        Mike Chambers                   mike@netlyncs.com
reed                                           
               Regan Wallace                   
Rich                                           
               Rick Cuoto                      
ridens                                         
Robby                                          robby@chatbelgie.be
               Robert Brice                    
               Roger Yerramsetti               
               Rok Papez                       
romulus                                        
Rufus                                          
               S Wilcox                        
S7reaM                                         
sabi                                           
Sandoz                                         
sandvik                                        
sbraz                                          Louis Sautier
scipio                                         
Scorpius                                       
scott                                          
ScottDrake                                     
Scuzzi                                         
seadawg                                        
               Sean T.                         
Segfault       Ryan Butler                     rbutler@tsss.org
seljo                                          
senpai                                         
seth                                           
               Seth Mattinen                   
shadow                                         
Shane                                          
Shane0                                         
Shaun          Shaun Brown                     mastr@irrelevant.net
Shawn888                                       
Shayne                                         
shovon                                         
shrike                                         
sid3windr      Tom Laermans                    tom.laermans@powersource.cx
sidrus                                         blfrie@gmail.com
simple         Jonathan G. Rudolph             skralg@gmail.com
simply                                         
sirfz          Fayez                           iamfayez@gmail.com
skiidoo        Thomas Faucher                  aza.skiidoo@gmail.com
Skorpion                                       
SKY                                            
skyline                                        
slennox        Shayne Lennox                   slennox@egghelp.org
slenny                                         
slix                                           
sloot                                          
slt                                            
slug           Chris Porter                    slug@quakenet.org
smash          Patrick Ringl                   patrick_@freenet.de
smok                                           
softlord                                       
Solal                                          
somni                                          
sorta                                          
Souperman      Graeme Donaldson                webmonster@eggdrop.za.net
spacey                                         
sprite                                         
stary                                          
station                                        
               stdarg                          stdarg@yahoo.com
               Stephen Hunter                  
               Stephen P. Clouse               
stephenc                                       
SteppenWolf                                    
               Steven Nikkel                   
stomper                                        
Stream                                         
strolchi                                       
Stu                                            
               Stu Jones                       
suizide                                        
symband                                        
symbands                                       
               T. Salomäki                     
tabo                                           
tabb
tartarus                                       
taz-man                                        
tchaika                                        
tdmarti                                        
TheAvatar      Søren Jensen                    sjj@eushells.com
thembones                                      
TheQ                                           
TheUnknown                                     TheUnknown@Bigfoot.com
The_Dawn                                       
Thomas                                         
               Thomas Neumayer                 
               Thomas Sader                    thommey@gmail.com
thx-1138                                       
timothy                                        
               Timothy Barbeisch               
Ting           Ronny Vårdal                    rv@umbraco.nu
Tit00n                                         
TiTi                                           
Toblerone                                      
tolim                                          
               Tom Rini                        
               Tomas Szaniszlo                 
Toon                                           
topcat                                         
Tori                                           
               Tothwolf                        tothwolf@techmonkeys.org
trey                                           
tris                                           
trojan                                         
               Trond Refsnes                   
troy                                           
               Troy Davis                      
tuvix                                          
tyson                                          
upstream       Christian Larsen                upstream@shell2.lomag.net
               Uwe Schindler                   uwe@thetaphi.de
Vassago        Ryan Addams                     rowan@unix.mclv.net
vBm                                            
vern-n                                         
vertex                                         
Vertigo        Sergey Goltsov                  sergiosolnet@gmail.com
vod            Roger Stone                     capsterx@hotmail.com
void                                           
VYOinLove      Olbosanu Viorel                 vyoinlove@yahoo.com
Wade                                           
Wanderer                                       wanderer@telenet.be
Warmage                                        
WauloK         Jason Oakley                    waulok@bangrocks.com
waxmaster                                      
wayhigh        Kevin Lynn                      klynn@kevinlynn.com
Webbie         Peter Chiu                      webbie@ipfw.org
wheely         Kevin Walker                    kevin@racbot.dot.org
Whicked                                        
Whilor         Arne Beyer                      whilor@whilor.de
WildCraze
wilk           Marcin L                        wilq.pl@vp.pl
Wcc            Will Buckner                    wcc@techmonkeys.org
Wingman        Christian Birkl                 wingman@techmonkeys.org
winkey         Brian Case                      rush@winkey.org
wrath                                          
Wull                                           wnelson@enterprise.net
wylie          Todd Wright                     wylie@geekasylum.org
xberry         BBerry                          xberry@slo.net
Xerxes         Lonnie Denison                  
XGen                                           
xian                                           
Xtoper                                         
zamf                                           
zarni                                          zarni@weirdness.com
Zart           Konstantin Zemlyak              zart@zartsoft.ru
Ze             Yann Richard                    ze@nbox.org
zenoran                                        
               ZeveRoaRe RoeLt                 zeveroar@phreaker.net
ziffie                                         
ZiMiaS                                         
zip            Ian Campbell                    zip@techmonkeys.org
[Eazy|E]                                       
[joco]                                         
[secret]                                       
[sL]                                           strikelight@tclscript.com
\-\itman                                       
^Baron^        Zev Toledano                    eggdrop@thelastexit.net
^PRS4^         James P.                        prs4@hotmail.com
^You^                                          
|mmortal                                       
|SKY|                                          
|^Raven^|                                      
